[{"version":"1.4","UID":"626b503ad083a316e02b91ed","title":"2022夏日放/FUN時光—歌劇院駐館藝術家周曼農《偵探學》","category":"5","showInfo":[{"time":"2022/08/03 15:00:00","location":"臺中市西屯區惠來路二段101號","locationName":"臺中國家歌劇院大劇院","onSales":"Y","price":"","latitude":"24.1626492","longitude":"120.6403028","endTime":"2022/08/03 16:30:00"},{"time":"2022/08/03 17:30:00","location":"臺中市西屯區惠來路二段101號","locationName":"臺中國家歌劇院大劇院","onSales":"Y","price":"","latitude":"24.1626492","longitude":"120.6403028","endTime":"2022/08/03 19:00:00"},{"time":"2022/08/03 20:00:00","location":"臺中市西屯區惠來路二段101號","locationName":"臺中國家歌劇院大劇院","onSales":"Y","price":"","latitude":"24.1626492","longitude":"120.6403028","endTime":"2022/08/03 21:30:00"},{"time":"2022/08/04 15:00:00","location":"臺中市西屯區惠來路二段101號","locationName":"臺中國家歌劇院大劇院","onSales":"Y","price":"","latitude":"24.1626492","longitude":"120.6403028","endTime":"2022/08/04 16:30:00"},{"time":"2022/08/04 17:30:00","location":"臺中市西屯區惠來路二段101號","locationName":"臺中國家歌劇院大劇院","onSales":"Y","price":"","latitude":"24.1626492","longitude":"120.6403028","endTime":"2022/08/04 19:00:00"},{"time":"2022/08/04 20:00:00","location":"臺中市西屯區惠來路二段101號","locationName":"臺中國家歌劇院大劇院","onSales":"Y","price":"","latitude":"24.1626492","longitude":"120.6403028","endTime":"2022/08/04 21:30:00"},{"time":"2022/08/05 15:00:00","location":"臺中市西屯區惠來路二段101號","locationName":"臺中國家歌劇院大劇院","onSales":"Y","price":"","latitude":"24.1626492","longitude":"120.6403028","endTime":"2022/08/05 16:30:00"},{"time":"2022/08/05 17:30:00","location":"臺中市西屯區惠來路二段101號","locationName":"臺中國家歌劇院大劇院","onSales":"Y","price":"","latitude":"24.1626492","longitude":"120.6403028","endTime":"2022/08/05 19:00:00"},{"time":"2022/08/05 20:00:00","location":"臺中市西屯區惠來路二段101號","locationName":"臺中國家歌劇院大劇院","onSales":"Y","price":"","latitude":"24.1626492","longitude":"120.6403028","endTime":"2022/08/05 21:30:00"},{"time":"2022/08/06 10:00:00","location":"臺中市西屯區惠來路二段101號","locationName":"臺中國家歌劇院大劇院","onSales":"Y","price":"","latitude":"24.1626492","longitude":"120.6403028","endTime":"2022/08/06 11:30:00"},{"time":"2022/08/06 12:30:00","location":"臺中市西屯區惠來路二段101號","locationName":"臺中國家歌劇院大劇院","onSales":"Y","price":"","latitude":"24.1626492","longitude":"120.6403028","endTime":"2022/08/06 14:00:00"},{"time":"2022/08/06 15:00:00","location":"臺中市西屯區惠來路二段101號","locationName":"臺中國家歌劇院大劇院","onSales":"Y","price":"","latitude":"24.1626492","longitude":"120.6403028","endTime":"2022/08/06 16:30:00"},{"time":"2022/08/06 17:30:00","location":"臺中市西屯區惠來路二段101號","locationName":"臺中國家歌劇院大劇院","onSales":"Y","price":"","latitude":"24.1626492","longitude":"120.6403028","endTime":"2022/08/06 19:00:00"},{"time":"2022/08/06 20:00:00","location":"臺中市西屯區惠來路二段101號","locationName":"臺中國家歌劇院大劇院","onSales":"Y","price":"","latitude":"24.1626492","longitude":"120.6403028","endTime":"2022/08/06 21:30:00"},{"time":"2022/08/07 10:00:00","location":"臺中市西屯區惠來路二段101號","locationName":"臺中國家歌劇院大劇院","onSales":"Y","price":"","latitude":"24.1626492","longitude":"120.6403028","endTime":"2022/08/07 11:30:00"},{"time":"2022/08/07 12:30:00","location":"臺中市西屯區惠來路二段101號","locationName":"臺中國家歌劇院大劇院","onSales":"Y","price":"","latitude":"24.1626492","longitude":"120.6403028","endTime":"2022/08/07 14:00:00"},{"time":"2022/08/07 15:00:00","location":"臺中市西屯區惠來路二段101號","locationName":"臺中國家歌劇院大劇院","onSales":"Y","price":"","latitude":"24.1626492","longitude":"120.6403028","endTime":"2022/08/07 16:30:00"},{"time":"2022/08/07 17:30:00","location":"臺中市西屯區惠來路二段101號","locationName":"臺中國家歌劇院大劇院","onSales":"Y","price":"","latitude":"24.1626492","longitude":"120.6403028","endTime":"2022/08/07 19:00:00"}],"showUnit":"","discountInfo":"","descriptionFilterHtml":"","imageUrl":"","masterUnit":[],"subUnit":[],"supportUnit":[],"otherUnit":[],"webSales":"https://www.opentix.life/program/1514908601752846338","sourceWebPromote":"https://www.opentix.life/program/1514908601752846338","comment":"","editModifyDate":"","sourceWebName":"OPENTIX兩廳院文化生活","startDate":"2022/08/03","endDate":"2022/08/07","hitRate":5},{"version":"1.4","UID":"627554c9d083a33728a8692c","title":"2022臺北藝術節－共想吧《媽與她與他與它：媽組人生》","category":"5","showInfo":[{"time":"2022/09/23 14:00:00","location":"臺北市士林區劍潭路1號","locationName":"臺北表演藝術中心 11樓排練室3","onSales":"Y","price":"","latitude":"25.0839297","longitude":"121.5242831","endTime":"2022/09/23 20:00:00"},{"time":"2022/09/24 14:00:00","location":"臺北市士林區劍潭路1號","locationName":"臺北表演藝術中心 11樓排練室3","onSales":"Y","price":"","latitude":"25.0839297","longitude":"121.5242831","endTime":"2022/09/24 20:00:00"},{"time":"2022/09/25 11:00:00","location":"臺北市士林區劍潭路1號","locationName":"臺北表演藝術中心 11樓排練室3","onSales":"Y","price":"","latitude":"25.0839297","longitude":"121.5242831","endTime":"2022/09/25 17:00:00"}],"showUnit":"臺北市政府","discountInfo":"","descriptionFilterHtml":"","imageUrl":"","masterUnit":[],"subUnit":[],"supportUnit":[],"otherUnit":[],"webSales":"https://www.opentix.life/program/1517345814011920388","sourceWebPromote":"https://www.opentix.life/program/1517345814011920388","comment":"","editModifyDate":"","sourceWebName":"OPENTIX兩廳院文化生活","startDate":"2022/09/23","endDate":"2022/09/25","hitRate":4}]